1,li-fdIj6w7oxsCA3MD0fz77,Linux,0,2022-12-12 10:10:10,foCwnP5dHw,1
2,li-FgH2OoN22sF2fzB9G6s5,Linux,1,2022-12-12 10:10:10,C61E1620zn,1
3,li-HwFnd5D3oUN7fdD25Ox0,Linux,0,2022-12-12 10:10:10,5w7sAsIngj,1
4,wi-07ENBHoAd5EOA5z070Hf,Windows,1,2022-12-12 10:10:10,Fd60wMngGH,1
5,li-UBx5sgGU75OzdO10n6s7,Linux,0,2022-12-12 10:10:10,dg572z1inC,1
6,li-fGd1NdP0IHdsUFddddO9,Linux,0,2022-12-12 10:10:10,AdnNsBxzO6,1
7,li-NNnBP05z3fwHDB6fOd55,Linux,0,2022-12-12 10:10:10,2652EgwwUB,1
8,li-2inIUzNUU51xz5jAsBCz,Linux,0,2022-12-12 10:10:10,PDgAGo6CUB,1
9,wi-G9d2dgdi7s2s51i2DsGG,Windows,0,2022-12-12 10:10:10,gDsBfsf6FF,1
10,li-g7UG5i2s0dU2AsMEnAw4,Linux,0,2022-12-12 10:10:10,sn363o2Nj9,1
11,li-1gonPf7I6wffMF6nBwz2,Linux,1,2022-12-12 10:10:10,NU0FHss7nN,1
12,wi-0BUNsBUnnoMgsjj7ds16,Windows,0,2022-12-12 10:10:10,if5dD2j4gs,1
13,li-502U6sfNE0dUE9Di02G0,Linux,1,2022-12-12 10:10:10,iPsn4js4F5,1
14,li-o12w7f9FC16CHff0dgPO,Linux,1,2022-12-12 10:10:10,0M2E0w3G05,1
15,wi-A5zIdwzN254f7EB675Dd,Windows,1,2022-12-12 10:10:10,05Hd0I46df,1
16,li-dz456CGsDn203Hfsf7MA,Linux,1,2022-12-12 10:10:10,woG2FEBoss,1
17,wi-260sd07CzG6dnCz07z41,Windows,0,2022-12-12 10:10:10,z9A164w3xH,1
18,li-2d9In2sgxznF6dMnxNH0,Linux,0,2022-12-12 10:10:10,n5BBn5BPAz,1
19,wi-z570DIUA6f1d0FUPHP07,Windows,1,2022-12-12 10:10:10,2D3N019DCx,1
20,wi-07G0f7fn4gg45s4Es5F1,Windows,0,2022-12-12 10:10:10,H0zO613s5f,1
21,li-nidoidn2A460sfEon9nf,Linux,0,2022-12-12 10:10:10,HxMd2GFNPi,1
22,li-n61E10279A0AdzwI7z60,Linux,0,2022-12-12 10:10:10,zsgsUdD366,1
23,li-45x0BxBiGHdN2Is22fzx,Linux,1,2022-12-12 10:10:10,F60UdFoNUs,1
24,li-01U2F2f3602sx76Aff62,Linux,0,2022-12-12 10:10:10,sI2BBf1B35,1
25,li-PUdx026fsji1f0n2oO56,Linux,0,2022-12-12 10:10:10,f7iz461fEs,1
26,li-sn60dx62DG1jss9dDNfP,Linux,0,2022-12-12 10:10:10,O54dG0HdjI,1
27,li-252zfsnBG0Bns0i65nC5,Linux,1,2022-12-12 10:10:10,fnz2dwO0Ai,1
28,li-d06O976f6i2623f3dsi5,Linux,0,2022-12-12 10:10:10,4Ad052dHsF,1
29,li-73NdBd9C03f5OzwFd0oz,Linux,1,2022-12-12 10:10:10,zUz7I2xGdH,1
30,wi-Bid6d2OoM44iMB7wA79O,Windows,0,2022-12-12 10:10:10,0d4o9MA21P,1
31,li-N26ANw71DB5U3HBPAH7i,Linux,1,2022-12-12 10:10:10,dO62MsfnD3,1
32,wi-CI72i2H0NzCI2I0o095d,Windows,1,2022-12-12 10:10:10,giMDdnDI60,1
33,li-o1n63zx255ni1dfFwE2s,Linux,0,2022-12-12 10:10:10,Ng7BdDOG11,1
34,li-fEA41IdMwEsF2E5o1d5o,Linux,0,2022-12-12 10:10:10,PsO1M40n20,1
35,li-o0EH2xfsBf6fPIgAdzBE,Linux,0,2022-12-12 10:10:10,70zoz1sFDf,1
36,li-22M21002IFHBz3zF7Fs0,Linux,0,2022-12-12 10:10:10,d5D0zsdg32,1
37,li-iA6021IGddUMfzFoP2A5,Linux,1,2022-12-12 10:10:10,Es3Ej2jP2j,1
38,li-9wENfnN53DsMsfH117Pz,Linux,1,2022-12-12 10:10:10,Adg335C7NP,1
39,wi-d0M3H56dd2MIEd2GBd25,Windows,0,2022-12-12 10:10:10,P7wzsnUi60,1
40,wi-0n3n775nCx9U1isEB5zf,Windows,1,2022-12-12 10:10:10,075PdU4OjA,1
41,li-2Hzf40ID15CIE6PM0221,Linux,0,2022-12-12 10:10:10,Uf6N2B0Psf,1
42,li-I0g9x0M1dfNfdxn1FzdO,Linux,0,2022-12-12 10:10:10,H9Ed6FIBz5,1
43,li-66PsnEf6xozI7gE655H5,Linux,1,2022-12-12 10:10:10,OI13zo6nd2,1
44,li-gfn6z0O2wjzf02jd02z0,Linux,0,2022-12-12 10:10:10,iBf006MfMx,1
45,li-xd00g9Ps47d56962zxzM,Linux,0,2022-12-12 10:10:10,f66zAPzGGx,1
46,li-61HN16di1DndAnPw577s,Linux,0,2022-12-12 10:10:10,fUzsndn3xB,1
47,li-o21EB6Fs1HzjjjBDsB02,Linux,0,2022-12-12 10:10:10,Pof4fA2I6B,1
48,li-G16dgs0oifBOdzdGC70i,Linux,1,2022-12-12 10:10:10,4dUGn7A26g,1
49,li-2znEf5sCzzn0fno7NM1j,Linux,1,2022-12-12 10:10:10,fUH26OnfzC,1
50,li-fEO20G05CN2IBn9Ndgsz,Linux,0,2022-12-12 10:10:10,sn2Uzd02wg,1
